<?xml version="1.0" encoding="UTF-8"?>
<GenRun Id="mb_block_axi_gpio_0_2_synth_1" LaunchPart="xc7s50csga324-1" LaunchTime="1711105265">
  <File Type="PA-TCL" Name="mb_block_axi_gpio_0_2.tcl"/>
  <File Type="REPORTS-TCL" Name="mb_block_axi_gpio_0_2_reports.tcl"/>
  <File Type="RDS-RDS" Name="mb_block_axi_gpio_0_2.vds"/>
  <File Type="RDS-UTIL" Name="mb_block_axi_gpio_0_2_utilization_synth.rpt"/>
  <File Type="RDS-UTIL-PB" Name="mb_block_axi_gpio_0_2_utilization_synth.pb"/>
  <File Type="RDS-DCP" Name="mb_block_axi_gpio_0_2.dcp"/>
  <FileSet Name="sources" Type="BlockSrcs" RelSrcDir="$PSRCDIR/mb_block_axi_gpio_0_2">
    <File Path="$PSRCDIR/sources_1/bd/mb_block/ip/mb_block_axi_gpio_0_2/mb_block_axi_gpio_0_2.xci">
      <FileInfo>
        <Attr Name="ImportPath" Val="$PPRDIR/../../lab6_2/lab6_2.srcs/sources_1/bd/mb_block/ip/mb_block_axi_gpio_0_2/mb_block_axi_gpio_0_2.xci"/>
        <Attr Name="ImportTime" Val="1714505938"/>
        <Attr Name="UsedIn" Val="synthesis"/>
        <Attr Name="UsedIn" Val="implementation"/>
        <Attr Name="UsedIn" Val="simulation"/>
      </FileInfo>
    </File>
    <Config>
      <Option Name="TopModule" Val="mb_block_axi_gpio_0_2"/>
      <Option Name="UseBlackboxStub" Val="1"/>
    </Config>
  </FileSet>
  <FileSet Name="constrs_in" Type="BlockSrcs" RelSrcDir="$PSRCDIR/mb_block_axi_gpio_0_2">
    <File Path="$PSRCDIR/sources_1/bd/mb_block/ip/mb_block_axi_gpio_0_2/mb_block_axi_gpio_0_2.xci">
      <FileInfo>
        <Attr Name="ImportPath" Val="$PPRDIR/../../lab6_2/lab6_2.srcs/sources_1/bd/mb_block/ip/mb_block_axi_gpio_0_2/mb_block_axi_gpio_0_2.xci"/>
        <Attr Name="ImportTime" Val="1714505938"/>
        <Attr Name="UsedIn" Val="synthesis"/>
        <Attr Name="UsedIn" Val="implementation"/>
        <Attr Name="UsedIn" Val="simulation"/>
      </FileInfo>
    </File>
    <Config>
      <Option Name="TopModule" Val="mb_block_axi_gpio_0_2"/>
      <Option Name="UseBlackboxStub" Val="1"/>
    </Config>
  </FileSet>
  <FileSet Name="utils" Type="Utils" RelSrcDir="$PSRCDIR/utils_1">
    <Filter Type="Utils"/>
    <File Path="$PSRCDIR/utils_1/imports/synth_1/mb_intro_top.dcp">
      <FileInfo>
        <Attr Name="ImportPath" Val="$PPRDIR/../../lab6_2/lab6_2.srcs/utils_1/imports/synth_1/mb_intro_top.dcp"/>
        <Attr Name="ImportTime" Val="1711729972"/>
        <Attr Name="UsedIn" Val="synthesis"/>
        <Attr Name="UsedIn" Val="implementation"/>
        <Attr Name="UsedInSteps" Val="synth_1"/>
        <Attr Name="AutoDcp" Val="1"/>
      </FileInfo>
    </File>
    <Config>
      <Option Name="TopAutoSet" Val="TRUE"/>
    </Config>
  </FileSet>
  <Strategy Version="1" Minor="2">
    <StratHandle Name="Vivado Synthesis Defaults" Flow="Vivado Synthesis 2022"/>
    <Step Id="synth_design"/>
  </Strategy>
</GenRun>
