<?xml version="1.0" encoding="UTF-8"?>
<GenRun Id="mb_block_axi_uartlite_0_0_synth_1" LaunchPart="xc7s50csga324-1" LaunchTime="1711082613">
  <File Type="PA-TCL" Name="mb_block_axi_uartlite_0_0.tcl"/>
  <File Type="REPORTS-TCL" Name="mb_block_axi_uartlite_0_0_reports.tcl"/>
  <File Type="RDS-RDS" Name="mb_block_axi_uartlite_0_0.vds"/>
  <File Type="RDS-UTIL" Name="mb_block_axi_uartlite_0_0_utilization_synth.rpt"/>
  <File Type="RDS-UTIL-PB" Name="mb_block_axi_uartlite_0_0_utilization_synth.pb"/>
  <File Type="RDS-DCP" Name="mb_block_axi_uartlite_0_0.dcp"/>
  <FileSet Name="sources" Type="BlockSrcs" RelSrcDir="$PSRCDIR/mb_block_axi_uartlite_0_0">
    <File Path="$PSRCDIR/sources_1/bd/mb_block/ip/mb_block_axi_uartlite_0_0/mb_block_axi_uartlite_0_0.xci">
      <FileInfo>
        <Attr Name="ImportPath" Val="$PPRDIR/../../lab6_2/lab6_2.srcs/sources_1/bd/mb_block/ip/mb_block_axi_uartlite_0_0/mb_block_axi_uartlite_0_0.xci"/>
        <Attr Name="ImportTime" Val="1714505938"/>
        <Attr Name="UsedIn" Val="synthesis"/>
        <Attr Name="UsedIn" Val="implementation"/>
        <Attr Name="UsedIn" Val="simulation"/>
      </FileInfo>
    </File>
    <Config>
      <Option Name="TopModule" Val="mb_block_axi_uartlite_0_0"/>
      <Option Name="UseBlackboxStub" Val="1"/>
    </Config>
  </FileSet>
  <FileSet Name="constrs_in" Type="BlockSrcs" RelSrcDir="$PSRCDIR/mb_block_axi_uartlite_0_0">
    <File Path="$PSRCDIR/sources_1/bd/mb_block/ip/mb_block_axi_uartlite_0_0/mb_block_axi_uartlite_0_0.xci">
      <FileInfo>
        <Attr Name="ImportPath" Val="$PPRDIR/../../lab6_2/lab6_2.srcs/sources_1/bd/mb_block/ip/mb_block_axi_uartlite_0_0/mb_block_axi_uartlite_0_0.xci"/>
        <Attr Name="ImportTime" Val="1714505938"/>
        <Attr Name="UsedIn" Val="synthesis"/>
        <Attr Name="UsedIn" Val="implementation"/>
        <Attr Name="UsedIn" Val="simulation"/>
      </FileInfo>
    </File>
    <Config>
      <Option Name="TopModule" Val="mb_block_axi_uartlite_0_0"/>
      <Option Name="UseBlackboxStub" Val="1"/>
    </Config>
  </FileSet>
  <FileSet Name="utils" Type="Utils" RelSrcDir="$PSRCDIR/utils_1">
    <Filter Type="Utils"/>
    <Config>
      <Option Name="TopAutoSet" Val="TRUE"/>
    </Config>
  </FileSet>
  <Strategy Version="1" Minor="2">
    <StratHandle Name="Vivado Synthesis Defaults" Flow="Vivado Synthesis 2022"/>
    <Step Id="synth_design"/>
  </Strategy>
</GenRun>
